step,episode,policy_loss,value_loss,entropy,total_loss,avg_reward
64,0,-0.028483862057328224,83.58145141601562,-1.767293095588684,8.347334861755371,-0.12814439833164215
128,0,-0.017084328457713127,955.1293334960938,-1.767293095588684,95.51351928710938,0.6216281577944756
192,0,-0.005617047194391489,435.92449951171875,-1.767293095588684,43.60450744628906,0.518196664750576
256,0,-0.012632694095373154,815.48291015625,-1.767293095588684,81.55332946777344,-0.12573327869176865
320,0,-0.011331201530992985,569.6031494140625,-1.767293095588684,56.96665954589844,-0.06903122365474701
384,0,-0.007085051387548447,754.3312377929688,-1.767293095588684,75.44371032714844,1.5336606204509735
448,0,-0.00751190260052681,545.6854248046875,-1.767293095588684,54.578704833984375,0.9471630286425352
512,0,-0.01258848700672388,987.0942993164062,-1.767293095588684,98.71451568603516,-0.22647398989647627
576,0,-0.005040097050368786,797.7879638671875,-1.767293095588684,79.79142761230469,1.3158344440162182
640,0,-0.005387425422668457,1595.9324951171875,-1.767293095588684,159.60552978515625,-1.8852237612009048
704,0,-0.01878737471997738,1444.653076171875,-1.767293095588684,144.46420288085938,-2.0914223417639732
768,1,-0.00976586900651455,677.4317626953125,-1.767293095588684,67.75108337402344,-1.508286975324154
832,1,-0.015112089924514294,350.93988037109375,-1.767293095588684,35.09654998779297,-0.9901931285858154
896,1,-0.01813310571014881,657.8280639648438,-1.767293095588684,65.78234100341797,-0.5109411142766476
960,1,-0.017553631216287613,411.9126892089844,-1.767293095588684,41.19138717651367,0.813670426607132
1024,1,-0.0005231853574514389,489.3797912597656,-1.767293095588684,48.95513153076172,0.19446590822190046
1088,1,-0.006828423589468002,344.65069580078125,-1.767293095588684,34.475914001464844,-0.6892363652586937
1152,1,-0.020474204793572426,349.3437194824219,-1.767293095588684,34.93157196044922,-0.6081920564174652
1216,1,-0.00796933751553297,831.0126953125,-1.767293095588684,83.11096954345703,0.017968986183404922
1280,1,-0.00826411135494709,271.6169738769531,-1.767293095588684,27.171106338500977,-0.8840860445052385
1344,1,-0.012122854590415955,835.9158935546875,-1.767293095588684,83.59713745117188,0.760142995044589
1408,1,-0.02100774273276329,574.2642822265625,-1.767293095588684,57.423095703125,0.10231447219848633
1472,1,-0.017024945467710495,415.9295959472656,-1.767293095588684,41.59360885620117,0.7704532146453857
1536,1,-0.005228281021118164,2319.7119140625,-1.767293095588684,231.98362731933594,3.6946778623387218
1600,2,-0.007700171321630478,730.9633178710938,-1.767293095588684,73.10630798339844,0.5967026464641094
1664,2,-0.016525693237781525,410.9209289550781,-1.767293095588684,41.09324264526367,-0.7122402861714363
1728,2,-0.014537777751684189,153.6476287841797,-1.767293095588684,15.367897987365723,0.3802947625517845
1792,2,-0.017746876925230026,545.7537841796875,-1.767293095588684,54.5753059387207,1.5180032886564732
1856,2,-0.011929902248084545,981.8297729492188,-1.767293095588684,98.18871307373047,1.5398391596972942
1920,2,-0.017770882695913315,208.31796264648438,-1.767293095588684,20.83169937133789,0.6626697201281786
1984,2,-0.01998812146484852,584.364013671875,-1.767293095588684,58.434085845947266,0.3521051649004221
2048,2,-0.012498456984758377,797.15234375,-1.767293095588684,79.72040557861328,2.585077048279345
2112,2,-0.029548823833465576,617.4662475585938,-1.767293095588684,61.73474884033203,0.05856115557253361
2176,2,-0.004634009674191475,769.1373291015625,-1.767293095588684,76.92677307128906,1.9922088794410229
2240,2,-0.015131584368646145,631.109375,-1.767293095588684,63.11347961425781,0.6528782546520233
2304,2,-0.01798965223133564,760.6572265625,-1.767293095588684,76.0654067993164,2.7643393222242594
2368,2,-0.027703266590833664,577.0877685546875,-1.767293095588684,57.69874954223633,-0.8179378649219871
2432,3,-0.0044513121247291565,696.4658203125,-1.767293095588684,69.65980529785156,2.118206573650241
2496,3,-0.010535486042499542,676.65966796875,-1.767293095588684,67.67310333251953,2.7289412543177605
2560,3,-0.009592842310667038,918.3367919921875,-1.767293095588684,91.84175872802734,2.475180447101593
2624,4,-0.0207887664437294,249.3853759765625,-1.767293095588684,24.935422897338867,1.4302875753492117
2688,4,-0.015052491798996925,1463.65869140625,-1.767293095588684,146.36849975585938,3.9702538112178445
2752,4,-0.023978766053915024,1987.07421875,-1.767293095588684,198.7011260986328,4.07908714748919
2816,4,-0.028073158115148544,182.03903198242188,-1.767293095588684,18.193504333496094,0.6104759853333235
2880,5,-0.026280833408236504,635.856689453125,-1.767293095588684,63.577064514160156,2.6501879319548607
2944,5,-0.016223367303609848,1250.8466796875,-1.767293095588684,125.08612060546875,3.941918397322297
3008,5,-0.02049756795167923,468.2840881347656,-1.767293095588684,46.82558822631836,1.6899959947913885
3072,6,-0.019752131775021553,294.685791015625,-1.767293095588684,29.466501235961914,1.2863769195973873
3136,6,-0.008708876557648182,1384.3463134765625,-1.767293095588684,138.44358825683594,4.6991297751665115
3200,6,-0.025223471224308014,1467.923095703125,-1.767293095588684,146.78475952148438,3.1023794133216143
3264,6,-0.005476430058479309,1915.1583251953125,-1.767293095588684,191.5280303955078,3.06171986553818
3328,7,-0.007959231734275818,124.79508972167969,-1.767293095588684,12.489222526550293,0.6210600920021534
3392,7,-0.027202840894460678,749.67333984375,-1.767293095588684,74.95780181884766,3.126595489680767
3456,7,-0.028168976306915283,895.0125122070312,-1.767293095588684,89.49075317382812,3.264513364061713
3520,7,-0.015325112268328667,341.1849670410156,-1.767293095588684,34.120845794677734,1.622882111929357
3584,8,-0.01072896271944046,679.944091796875,-1.767293095588684,68.00135040283203,2.285745181143284
3648,8,-0.02025739476084709,1375.24658203125,-1.767293095588684,137.52206420898438,4.53197639528662
3712,8,-0.015628453344106674,121.14424133300781,-1.767293095588684,12.11646842956543,0.9184616934508085
3776,9,-0.02842109464108944,974.92041015625,-1.767293095588684,97.48129272460938,2.8879360891878605
3840,9,-0.00700890738517046,1350.56640625,-1.767293095588684,135.0673065185547,3.7183124255388975
3904,9,-0.012643203139305115,507.3929138183594,-1.767293095588684,50.74432373046875,2.112800879403949
3968,10,-0.006911464035511017,168.3598175048828,-1.767293095588684,16.846742630004883,1.1543712941929698
4032,10,-0.01312551274895668,963.6586303710938,-1.767293095588684,96.37041473388672,4.159850114025176
4096,10,-0.010646779090166092,451.7133483886719,-1.767293095588684,45.17836380004883,2.137201447971165
4160,11,-0.01343991607427597,518.9326782226562,-1.767293095588684,51.89750289916992,3.1000609444454312
4224,11,-0.016707763075828552,1692.26318359375,-1.767293095588684,169.22727966308594,4.882848657667637
4288,11,-0.01536099798977375,521.7479858398438,-1.767293095588684,52.1771125793457,2.5820288257673383
4352,12,-0.016919080168008804,164.7584991455078,-1.767293095588684,16.476606369018555,1.4994617458432913
4416,12,-0.016258999705314636,1261.974853515625,-1.767293095588684,126.19889831542969,4.422931676730514
4480,12,-0.007931772619485855,1001.4132080078125,-1.767293095588684,100.15105438232422,2.7737338207662106
4544,12,-0.015805630013346672,209.75656127929688,-1.767293095588684,20.977523803710938,1.1352515844628215
4608,13,-0.020853649824857712,807.2659301757812,-1.767293095588684,80.7234115600586,3.574689779430628
4672,13,-0.011301275342702866,1938.553466796875,-1.767293095588684,193.86170959472656,4.653816238045692
4736,13,-0.007634272798895836,920.6856079101562,-1.767293095588684,92.07859802246094,2.6464960603043437
4800,14,-0.01688545197248459,366.2059326171875,-1.767293095588684,36.62138366699219,1.5547355152666569
4864,14,-0.011683505028486252,1008.675537109375,-1.767293095588684,100.87354278564453,4.1106720343232155
4928,14,-0.018503475934267044,325.28704833984375,-1.767293095588684,32.52787399291992,2.1127423821017146
4992,15,-0.01585642620921135,316.09600830078125,-1.767293095588684,31.611419677734375,1.8356536906212568
5056,15,-0.007460974156856537,1403.3927001953125,-1.767293095588684,140.3494873046875,4.36513377353549
5120,15,-0.011307897046208382,1141.299560546875,-1.767293095588684,114.13632202148438,2.3657848443835974
5184,16,-0.008754409849643707,185.1077880859375,-1.767293095588684,18.519697189331055,1.6273849727585912
5248,16,0.0001069679856300354,1422.938232421875,-1.767293095588684,142.3115997314453,4.9821933982893825
5312,16,-0.009921119548380375,288.79840087890625,-1.767293095588684,28.887592315673828,1.9771222230046988
5376,16,-0.016167424619197845,160.65921020507812,-1.767293095588684,16.067428588867188,1.4201977271586657
5440,17,-0.009850895963609219,987.400146484375,-1.767293095588684,98.74783325195312,3.126409240067005
5504,17,-0.011717922985553741,979.0210571289062,-1.767293095588684,97.9080581665039,4.203099235892296
5568,17,-0.009412504732608795,809.9437866210938,-1.767293095588684,81.00263214111328,3.0694831358268857
5632,18,-0.017195023596286774,213.27487182617188,-1.767293095588684,21.327966690063477,1.113316965289414
5696,18,-0.012780602090060711,1603.3638916015625,-1.767293095588684,160.34127807617188,5.194800013676286
5760,18,-0.018017128109931946,535.39111328125,-1.767293095588684,53.53876876831055,2.6839386243373156
5824,19,-0.009982772171497345,529.6416015625,-1.767293095588684,52.97185134887695,2.024208531714976
5888,19,-0.003830723464488983,1482.7181396484375,-1.767293095588684,148.28565979003906,4.783427614718676
5952,19,-0.01935453712940216,281.66583251953125,-1.767293095588684,28.16490364074707,1.4579590950161219
6016,20,-0.02264343947172165,313.7222595214844,-1.767293095588684,31.36725616455078,1.770909204147756
6080,20,-0.007855735719203949,644.29638671875,-1.767293095588684,64.439453125,3.798329593613744
6144,20,-0.010617632418870926,502.6178894042969,-1.767293095588684,50.26884841918945,2.7303871233016253
6208,21,-0.014660976827144623,196.48744201660156,-1.767293095588684,19.651756286621094,1.848821884021163
6272,21,-0.010834209620952606,1166.2734375,-1.767293095588684,116.6341781616211,4.24934721365571
6336,21,-0.012693416327238083,1978.1395263671875,-1.767293095588684,197.8189239501953,5.45918124448508
6400,21,-0.0159628726541996,310.8949279785156,-1.767293095588684,31.091203689575195,0.9749402236193419
6464,22,-0.014790486544370651,371.9291687011719,-1.767293095588684,37.19580078125,2.2318368647247553
6528,22,-0.01495126448571682,898.3253173828125,-1.767293095588684,89.83525085449219,3.922215111553669
6592,22,-0.022337421774864197,605.8651123046875,-1.767293095588684,60.58184814453125,2.9703777600079775
6656,23,-0.009752366691827774,552.3550415039062,-1.767293095588684,55.24342346191406,1.3548576729372144
6720,23,-0.007870934903621674,812.8662719726562,-1.767293095588684,81.29642486572266,4.14855011086911
6784,23,-0.009327100589871407,1781.242919921875,-1.767293095588684,178.1326446533203,3.767536176368594
6848,23,-0.018658602610230446,1422.88037109375,-1.767293095588684,142.28704833984375,4.2404537638649344
6912,23,-0.01803753897547722,406.52069091796875,-1.767293095588684,40.65170669555664,1.6051173247396946
6976,24,-0.01923125609755516,694.695068359375,-1.767293095588684,69.46794128417969,2.5463784467428923
7040,24,-0.01806473731994629,938.1661987304688,-1.767293095588684,93.81622314453125,4.897144019603729
7104,24,-0.011252369731664658,901.484375,-1.767293095588684,90.15485382080078,3.175293174572289
7168,25,-0.004824208095669746,796.8253173828125,-1.767293095588684,79.69538116455078,3.663423102349043
7232,25,-0.017760518938302994,1758.0296630859375,-1.767293095588684,175.80287170410156,5.543288122862577
7296,25,-0.024567734450101852,537.1527099609375,-1.767293095588684,53.708377838134766,1.4061772972345352
7360,26,-0.008537840098142624,935.8310546875,-1.767293095588684,93.59223937988281,4.115145733579993
7424,26,-0.003390105441212654,922.3260498046875,-1.767293095588684,92.24688720703125,5.224619633518159
7488,26,-0.013969570398330688,1313.6737060546875,-1.767293095588684,131.37106323242188,4.574332166463137
7552,26,-0.009309157729148865,485.0648193359375,-1.767293095588684,48.51484680175781,1.2365704197436571
7616,27,-0.012671159580349922,868.0448608398438,-1.767293095588684,86.80948638916016,3.234265549108386
7680,27,-0.01481165736913681,908.115234375,-1.767293095588684,90.81438446044922,3.3914114516228437
7744,27,-0.008421529084444046,652.8374633789062,-1.767293095588684,65.2929916381836,1.2628662902861834
7808,28,-0.020366020500659943,743.1657104492188,-1.767293095588684,74.31388092041016,3.6668547866865993
7872,28,-0.019875790923833847,1488.6282958984375,-1.767293095588684,148.86062622070312,5.164772734045982
7936,28,-0.027217403054237366,619.9681396484375,-1.767293095588684,61.98727035522461,1.5686590541154146
8000,29,-0.0041921623051166534,1775.5633544921875,-1.767293095588684,177.56980895996094,3.9227876318618655
8064,29,-0.008337337523698807,2059.021728515625,-1.767293095588684,205.91151428222656,5.637791991233826
8128,29,-0.014671942219138145,562.08642578125,-1.767293095588684,56.211647033691406,1.7785821100696921
8192,30,-0.014278009533882141,971.1010131835938,-1.767293095588684,97.11349487304688,2.7148785050958395
8256,30,-0.02453329972922802,869.270751953125,-1.767293095588684,86.92021179199219,3.2065404215827584
8320,30,-0.0025145933032035828,707.5731201171875,-1.767293095588684,70.77246856689453,1.851098227314651
8384,31,-0.02745532989501953,581.4335327148438,-1.767293095588684,58.13357162475586,2.6942777670919895
8448,31,-0.009506843984127045,1598.379638671875,-1.767293095588684,159.84613037109375,6.0424660835415125
8512,31,-0.026304883882403374,579.5967407226562,-1.767293095588684,57.95104217529297,2.7818933175876737
8576,31,-0.012414228171110153,784.24853515625,-1.767293095588684,78.43011474609375,1.2321152687072754
8640,32,-0.012275196611881256,571.52587890625,-1.767293095588684,57.15798568725586,1.8097690576687455
8704,32,-0.012435351498425007,2239.82666015625,-1.767293095588684,223.98789978027344,5.800490809604526
8768,32,-0.009115180000662804,868.2576293945312,-1.767293095588684,86.83432006835938,2.887646270915866
8832,33,-0.014058023691177368,815.0985107421875,-1.767293095588684,81.51345825195312,1.406264110468328
8896,33,-0.022681761533021927,951.30859375,-1.767293095588684,95.12584686279297,4.842163970693946
8960,33,-0.0009080339223146439,935.0107421875,-1.767293095588684,93.51783752441406,2.630404588766396
9024,34,-0.01689067855477333,591.2432861328125,-1.767293095588684,59.1251106262207,0.9317327123135328
9088,34,-0.01138664036989212,1665.224853515625,-1.767293095588684,166.52877807617188,5.030444849282503
9152,34,-0.023686209693551064,957.7470703125,-1.767293095588684,95.76869201660156,1.9747552312910557
9216,35,-0.012289788573980331,814.1240234375,-1.767293095588684,81.41778564453125,1.2855406971648335
9280,35,-0.03416873514652252,789.5471801757812,-1.767293095588684,78.93821716308594,3.54291183128953
9344,35,-0.007726915180683136,1094.778564453125,-1.767293095588684,109.48780059814453,3.9172040671110153
9408,35,0.0035320594906806946,359.6058044433594,-1.767293095588684,35.981788635253906,1.577316015958786
9472,36,-0.015478165820240974,421.16534423828125,-1.767293095588684,42.11872863769531,2.786280734464526
9536,36,-0.022503947839140892,872.1578979492188,-1.767293095588684,87.21095275878906,3.8964339876547456
9600,36,0.0017763786017894745,547.0715942382812,-1.767293095588684,54.72661209106445,1.3545285910367966
9664,37,-0.010667001828551292,1332.8072509765625,-1.767293095588684,133.28773498535156,1.2179429763928056
9728,37,-0.01601298898458481,2055.7802734375,-1.767293095588684,205.57969665527344,4.304331818595529
9792,37,-0.030251789838075638,1344.55712890625,-1.767293095588684,134.44313049316406,3.2538645267486572
9856,37,-0.020297545939683914,587.8630981445312,-1.767293095588684,58.783687591552734,1.8410474704578519
9920,38,-0.009931433945894241,608.1721801757812,-1.767293095588684,60.8249626159668,1.913448864594102
9984,38,-0.0027006808668375015,1506.7252197265625,-1.767293095588684,150.6875,5.277263130992651
10048,38,-0.018194332718849182,1581.3609619140625,-1.767293095588684,158.1355743408203,4.785598538815975
10112,38,-0.008402040228247643,452.47161865234375,-1.767293095588684,45.256431579589844,1.258704942651093
10176,39,-0.012645501643419266,846.77001953125,-1.767293095588684,84.6820297241211,3.687703374773264
10240,39,-0.013797145336866379,1298.7939453125,-1.767293095588684,129.88327026367188,5.597565036267042
10304,39,-0.025168858468532562,594.2655639648438,-1.767293095588684,59.41905975341797,2.5646487325429916
10368,40,-0.019135016947984695,573.8204956054688,-1.767293095588684,57.38058853149414,1.967292282730341
10432,40,0.003980875015258789,1217.5682373046875,-1.767293095588684,121.77848052978516,4.342910938896239
10496,40,-0.0258041899651289,942.88330078125,-1.767293095588684,94.28019714355469,4.328851208090782
10560,41,-0.0019329898059368134,1066.14697265625,-1.767293095588684,106.63043975830078,1.2728534247726202
10624,41,-0.023424148559570312,877.431396484375,-1.767293095588684,87.73738861083984,3.543543118983507
10688,41,-0.006769677624106407,1381.51708984375,-1.767293095588684,138.16261291503906,4.696809044107795
10752,41,-0.016415251418948174,408.7935485839844,-1.767293095588684,40.880615234375,1.9310511834919453
10816,42,-0.022912798449397087,351.8468017578125,-1.767293095588684,35.179443359375,2.502444393001497
10880,42,-0.00878218375146389,654.5374755859375,-1.767293095588684,65.46263885498047,3.2448747362941504
10944,42,-0.010154476389288902,492.85308837890625,-1.767293095588684,49.29282760620117,1.6554753137752414
11008,43,-0.006798584014177322,823.3878173828125,-1.767293095588684,82.34965515136719,2.515219730325043
11072,43,-0.018802309408783913,1593.6766357421875,-1.767293095588684,159.3665313720703,5.719753094017506
11136,43,-0.003265857696533203,744.3257446289062,-1.767293095588684,74.44698333740234,2.477602387778461
11200,44,-0.007969442754983902,553.5371704101562,-1.767293095588684,55.36342239379883,1.8787231668829918
11264,44,-0.020372770726680756,949.9397583007812,-1.767293095588684,94.99127960205078,3.281283048912883
11328,44,-0.010705564171075821,1249.5465087890625,-1.767293095588684,124.96161651611328,3.8363196859136224
11392,45,-0.0064025260508060455,828.7455444335938,-1.767293095588684,82.88582611083984,0.9149223985150456
11456,45,-0.019686389714479446,966.4647827148438,-1.767293095588684,96.64446258544922,3.2326648039743304
11520,45,-0.006790474057197571,632.4154052734375,-1.767293095588684,63.25242614746094,2.7362084900960326
11584,45,-0.02094787359237671,471.72882080078125,-1.767293095588684,47.16960906982422,1.2600609408691525
11648,46,-0.004268242046236992,503.5216064453125,-1.767293095588684,50.36556625366211,2.855910634621978
11712,46,-0.010965466499328613,1307.345703125,-1.767293095588684,130.74127197265625,4.405474938452244
11776,46,-0.016838140785694122,537.6495361328125,-1.767293095588684,53.76578903198242,1.504400928504765
11840,47,-0.01406339555978775,741.9743041992188,-1.767293095588684,74.20104217529297,1.3588673155754805
11904,47,-0.0110665587708354,1167.4591064453125,-1.767293095588684,116.75251007080078,3.970530705526471
11968,47,-0.012093288823962212,1039.9864501953125,-1.767293095588684,104.00422668457031,3.560095962136984
12032,47,-0.008044756948947906,359.9172058105469,-1.767293095588684,36.00135040283203,1.3341879872605205
12096,48,-0.020008496940135956,1280.052978515625,-1.767293095588684,128.00296020507812,4.615641934797168
12160,48,-0.009303642436861992,1006.116943359375,-1.767293095588684,100.62006378173828,4.491662386804819
12224,48,-0.027460694313049316,816.8974609375,-1.767293095588684,81.67996215820312,2.823303274810314
12288,49,-0.008058706298470497,527.89794921875,-1.767293095588684,52.799407958984375,3.3394088419154286
12352,49,-0.012026526033878326,530.0852661132812,-1.767293095588684,53.0141716003418,2.9414427392184734
12416,49,-0.009409721940755844,933.047119140625,-1.767293095588684,93.31297302246094,3.792183130979538
12480,50,-0.024000108242034912,737.123779296875,-1.767293095588684,73.70604705810547,1.0811752742156386
12544,50,-0.012120228260755539,867.83984375,-1.767293095588684,86.78953552246094,2.8485936671495438
12608,50,-0.015694893896579742,898.4244995117188,-1.767293095588684,89.84442901611328,2.017890725284815
12672,50,-0.013410506770014763,2556.42431640625,-1.767293095588684,255.64669799804688,1.15415358543396
12736,50,-0.010355699807405472,1005.1116943359375,-1.767293095588684,100.51848602294922,2.750897154211998
12800,50,-0.013405855745077133,694.74169921875,-1.767293095588684,69.47843933105469,1.977921667508781
12864,51,-0.015132803469896317,365.1973876953125,-1.767293095588684,36.522281646728516,2.372651086188853
12928,51,-0.008295418694615364,1132.8160400390625,-1.767293095588684,113.29098510742188,4.538319058716297
12992,51,-0.01841188780963421,920.7650146484375,-1.767293095588684,92.07575988769531,4.440339841879904
13056,51,-0.024446405470371246,429.7083435058594,-1.767293095588684,42.96406555175781,0.8834746349602938
13120,52,-0.013753164559602737,850.5581665039062,-1.767293095588684,85.05973052978516,2.3740247674286366
13184,52,-0.03204778581857681,630.8135375976562,-1.767293095588684,63.06698226928711,3.567789839580655
13248,52,0.002774719148874283,1059.718994140625,-1.767293095588684,105.99234771728516,3.951967028900981
13312,52,-0.025308625772595406,405.53216552734375,-1.767293095588684,40.54558181762695,1.5422720098868012
13376,53,-0.021943647414445877,983.7879028320312,-1.767293095588684,98.37451934814453,3.3403624203056097
13440,53,-0.024819834157824516,762.5868530273438,-1.767293095588684,76.25154113769531,3.3505138903856277
13504,54,-0.00946611538529396,377.6999816894531,-1.767293095588684,37.7782096862793,1.4066017027944326
13568,54,-0.020148489624261856,909.2691040039062,-1.767293095588684,90.92443084716797,4.546040091663599
13632,54,-0.0218602754175663,431.8951416015625,-1.767293095588684,43.185325622558594,2.143383936956525
13696,54,-0.008514061570167542,321.9405212402344,-1.767293095588684,32.20321273803711,1.5932877082377672
13760,55,-0.01177380234003067,1099.073486328125,-1.767293095588684,109.91324615478516,5.0114441877231
13824,55,-0.024432756006717682,664.4426879882812,-1.767293095588684,66.43750762939453,2.883438788354397
13888,56,-0.030331235378980637,369.959716796875,-1.767293095588684,36.983314514160156,2.1094361301511526
13952,56,-0.0043486542999744415,1094.8160400390625,-1.767293095588684,109.49492645263672,4.43097472563386
14016,56,-0.01814303919672966,774.1639404296875,-1.767293095588684,77.41592407226562,2.6287931175902486
14080,57,-0.023308053612709045,770.8637084960938,-1.767293095588684,77.08073425292969,1.329627614468336
14144,57,-0.0033137649297714233,1060.699951171875,-1.767293095588684,106.08435821533203,4.392386330291629
14208,57,-0.006853986531496048,747.2191772460938,-1.767293095588684,74.73273468017578,3.331448232755065
14272,57,-0.017570722848176956,495.5327453613281,-1.767293095588684,49.55337905883789,1.5825481787323952
14336,58,-0.012804584577679634,910.7054443359375,-1.767293095588684,91.0754165649414,3.7807570323348045
14400,58,-0.0023406557738780975,627.4952392578125,-1.767293095588684,62.764854431152344,3.005913815461099
14464,58,-0.01782037876546383,947.6826171875,-1.767293095588684,94.76811218261719,2.538714054040611
14528,59,-0.010508272796869278,564.225830078125,-1.767293095588684,56.42974853515625,2.1145930141210556
14592,59,-0.012408837676048279,1514.3294677734375,-1.767293095588684,151.43821716308594,5.554987583309412
14656,59,-0.019299771636724472,1000.0418090820312,-1.767293095588684,100.00254821777344,3.261573176831007
14720,60,-0.0165609922260046,689.16015625,-1.767293095588684,68.91712188720703,1.421760437078774
14784,60,-0.016691377386450768,657.760986328125,-1.767293095588684,65.7770767211914,3.1822226233780384
14848,60,-0.017759189009666443,1353.864990234375,-1.767293095588684,135.38641357421875,5.108162105083466
14912,60,-0.006987482309341431,713.5445556640625,-1.767293095588684,71.3651351928711,1.6289726765826344
14976,61,-0.02087727189064026,2147.903076171875,-1.767293095588684,214.787109375,2.0578421615064144
15040,61,-0.022006958723068237,1724.89697265625,-1.767293095588684,172.48536682128906,5.366890646517277
15104,61,-0.02356288582086563,526.7537841796875,-1.767293095588684,52.669490814208984,2.6196494288742542
15168,61,-0.013924263417720795,742.64306640625,-1.767293095588684,74.26805114746094,1.0976195810362697
15232,62,-0.011777311563491821,491.13775634765625,-1.767293095588684,49.11967468261719,1.9602020476013422
15296,62,-0.021903567016124725,926.25390625,-1.767293095588684,92.62115478515625,4.466859180480242
15360,62,-0.020806068554520607,802.3853759765625,-1.767293095588684,80.23540496826172,3.6497602658346295
15424,62,-0.00796700082719326,551.9031982421875,-1.767293095588684,55.20002365112305,1.486730720847845
15488,63,-0.01980219967663288,484.3988037109375,-1.767293095588684,48.43775177001953,3.3131691021844745
15552,63,-0.011150181293487549,1402.3594970703125,-1.767293095588684,140.24246215820312,3.2489276081323624
15616,63,-0.01656351238489151,746.6436767578125,-1.767293095588684,74.66547393798828,3.007321532815695
15680,64,-0.0112009197473526,442.0986022949219,-1.767293095588684,44.21633529663086,1.6617360590025783
15744,64,-0.014393124729394913,1194.66943359375,-1.767293095588684,119.47021484375,4.922537572681904
15808,64,-0.014283061027526855,975.1979370117188,-1.767293095588684,97.52318572998047,3.914757360704243
15872,65,-0.00968174822628498,1249.318603515625,-1.767293095588684,124.93984985351562,2.6080086696892977
15936,65,-0.020071707665920258,727.01220703125,-1.767293095588684,72.69882202148438,3.493062386289239
16000,65,-0.011879507452249527,871.4720458984375,-1.767293095588684,87.15299987792969,4.875422704964876
16064,65,-0.010745624080300331,505.63934326171875,-1.767293095588684,50.57086181640625,1.234414767473936
16128,66,-0.01247204840183258,1152.21142578125,-1.767293095588684,115.2263412475586,3.0670622531324625
16192,66,-0.018478885293006897,1336.659912109375,-1.767293095588684,133.66519165039062,4.063768656924367
16256,66,-0.021759048104286194,472.74700927734375,-1.767293095588684,47.27061462402344,1.5319586023688316
16320,67,-0.004193522036075592,1104.97607421875,-1.767293095588684,110.5110855102539,4.750199895352125
16384,67,-0.009045708924531937,646.0160522460938,-1.767293095588684,64.6102294921875,2.0688909087330103
16448,68,-0.01355011761188507,474.70220947265625,-1.767293095588684,47.47434616088867,1.6734425146132708
16512,68,-0.009746316820383072,1212.64501953125,-1.767293095588684,121.27243041992188,5.312791734933853
16576,68,-0.018065478652715683,605.464111328125,-1.767293095588684,60.5460205078125,2.3884961726143956
16640,68,-0.017816800624132156,1163.5751953125,-1.767293095588684,116.35737609863281,3.5016334746032953
16704,69,-0.009094759821891785,711.58935546875,-1.767293095588684,71.16751098632812,3.883816909044981
16768,69,-0.018466463312506676,655.8753051757812,-1.767293095588684,65.58673858642578,3.360025569796562
16832,70,-0.0024694232270121574,1188.208251953125,-1.767293095588684,118.83602142333984,1.3381483433768153
16896,70,-0.011127311736345291,1202.8050537109375,-1.767293095588684,120.28705596923828,4.8772441782057285
16960,70,-0.006400015205144882,1220.0655517578125,-1.767293095588684,122.017822265625,4.455096212215722
17024,70,-0.024067766964435577,563.7803955078125,-1.767293095588684,56.371646881103516,1.9851750386878848
17088,71,-0.01069495640695095,727.316162109375,-1.767293095588684,72.73859405517578,3.4540438912808895
17152,71,-0.009041618555784225,749.6869506835938,-1.767293095588684,74.97732543945312,3.1257060319185257
17216,72,-0.0130816251039505,1169.9654541015625,-1.767293095588684,117.00112915039062,1.666400103829801
17280,72,-0.020590700209140778,1043.2459716796875,-1.767293095588684,104.3216781616211,3.937769804149866
17344,72,-0.015190474689006805,796.1088256835938,-1.767293095588684,79.61336517333984,2.757567809894681
17408,73,-0.024529103189706802,487.7037658691406,-1.767293095588684,48.76352310180664,2.1722716130316257
17472,73,-0.02010529860854149,1211.5560302734375,-1.767293095588684,121.15316772460938,4.658924091607332
17536,73,-0.006201809272170067,717.919921875,-1.767293095588684,71.80345916748047,1.7315370831638575
17600,74,-0.020210642367601395,506.2878112792969,-1.767293095588684,50.626243591308594,2.154296822845936
17664,74,-0.011741366237401962,1390.0302734375,-1.767293095588684,139.00897216796875,5.359955631196499
17728,74,-0.023161020129919052,888.9188842773438,-1.767293095588684,88.88639831542969,2.996648943051696
17792,75,-0.0061601996421813965,741.76318359375,-1.767293095588684,74.18783569335938,1.7580275610089302
17856,75,-0.014292238280177116,1283.8909912109375,-1.767293095588684,128.39247131347656,5.472938310354948
17920,75,-0.024099133908748627,1039.09375,-1.767293095588684,103.90294647216797,3.5596272703260183
17984,76,-0.008200742304325104,978.3411865234375,-1.767293095588684,97.84358978271484,4.505207471549511
18048,76,-0.01901387795805931,2110.53515625,-1.767293095588684,211.0521697998047,4.527198566123843
18112,76,-0.02353205531835556,1197.4803466796875,-1.767293095588684,119.74217987060547,4.026354205794632
18176,77,-0.010185640305280685,571.2710571289062,-1.767293095588684,57.13459396362305,1.6378583367913961
18240,77,-0.013552780263125896,1125.78466796875,-1.767293095588684,112.58258819580078,5.768997397273779
18304,77,-0.02226690575480461,1625.5355224609375,-1.767293095588684,162.54896545410156,5.232534516602755
18368,77,-0.014118596911430359,652.005859375,-1.767293095588684,65.20413208007812,2.2367446115240455
18432,78,-0.012586742639541626,1562.456298828125,-1.767293095588684,156.25071716308594,4.509160980582237
18496,78,-0.011440429836511612,995.4434204101562,-1.767293095588684,99.55056762695312,4.361375670880079
18560,78,-0.01420479267835617,1536.7733154296875,-1.767293095588684,153.68080139160156,3.8822499364614487
18624,79,-0.017379477620124817,1122.14013671875,-1.767293095588684,112.21430206298828,4.123732140287757
18688,79,-0.01019323617219925,964.8651733398438,-1.767293095588684,96.4939956665039,3.8591748774051666
18752,80,-0.018911991268396378,1069.369140625,-1.767293095588684,106.9356689453125,1.3551382422447205
18816,80,-0.015450149774551392,1500.576416015625,-1.767293095588684,150.0598602294922,4.818872652947903
18880,80,-0.014989819377660751,1013.7339477539062,-1.767293095588684,101.3760757446289,1.9997078273445368
18944,81,-0.029634496197104454,621.296630859375,-1.767293095588684,62.11770248413086,1.891575938090682
19008,81,-0.003762507811188698,1185.620849609375,-1.767293095588684,118.57599639892578,5.438030380755663
19072,81,-0.007728300988674164,1074.2135009765625,-1.767293095588684,107.43128967285156,3.8038417045027018
19136,82,-0.027355331927537918,600.5580444335938,-1.767293095588684,60.04612350463867,1.850191886536777
19200,82,-0.004277735948562622,1859.88330078125,-1.767293095588684,186.00172424316406,5.197837309911847
19264,82,-0.021808048710227013,1469.020263671875,-1.767293095588684,146.89788818359375,4.881573714315891
19328,82,-0.03272375836968422,625.7003173828125,-1.767293095588684,62.55498504638672,1.6170549392700195
19392,83,-0.005321629345417023,889.031005859375,-1.767293095588684,88.91544342041016,4.274731814861298
19456,83,-0.013612033799290657,1676.0999755859375,-1.767293095588684,167.6140594482422,5.01013932004571
19520,83,-0.013689978048205376,978.8120727539062,-1.767293095588684,97.88519287109375,2.736362414434552
19584,84,-0.015461696311831474,1206.4609375,-1.767293095588684,120.64830017089844,3.7453824654221535
19648,84,-0.02397046610713005,1137.98974609375,-1.767293095588684,113.79267120361328,4.212931223213673
19712,84,-0.013208307325839996,709.0983276367188,-1.767293095588684,70.91429901123047,1.5678562028333545
19776,85,-0.011710729449987411,955.0528564453125,-1.767293095588684,95.51124572753906,4.668015031144023
19840,85,-0.004956228658556938,1691.208984375,-1.767293095588684,169.13360595703125,5.775848084129393
19904,85,-0.018827594816684723,876.949462890625,-1.767293095588684,87.69378662109375,1.5641929982230067
19968,86,-0.014016430824995041,710.6476440429688,-1.767293095588684,71.06842041015625,3.0646026339381933
20032,86,-0.02499714493751526,812.7017822265625,-1.767293095588684,81.26285552978516,3.141593831591308
20096,86,-0.025609398260712624,790.787353515625,-1.767293095588684,79.07079315185547,1.4115435937419534
20160,87,-0.003791268914937973,924.5487060546875,-1.767293095588684,92.46875,4.075879588723183
20224,87,-0.018400020897388458,858.2263793945312,-1.767293095588684,85.82190704345703,4.350783945992589
20288,87,-0.01256243884563446,566.4320068359375,-1.767293095588684,56.648311614990234,1.740796155296266
20352,88,-0.004843039438128471,866.6583251953125,-1.767293095588684,86.67865753173828,3.7013632357120514
20416,88,-0.03195517137646675,831.1082153320312,-1.767293095588684,83.09654235839844,4.862673576921225
20480,88,0.0013763494789600372,591.9395751953125,-1.767293095588684,59.213008880615234,1.7129924539476633
20544,89,-0.008645951747894287,550.3978271484375,-1.767293095588684,55.04881286621094,2.2222486371174455
20608,89,-0.01982199028134346,932.6339111328125,-1.767293095588684,93.26123809814453,3.926206097006798
20672,89,-0.014406610280275345,1140.4305419921875,-1.767293095588684,114.04631805419922,3.101114253513515
20736,90,-0.015059234574437141,572.2263793945312,-1.767293095588684,57.225250244140625,2.1299756662920117
20800,90,-0.014583770185709,1342.4144287109375,-1.767293095588684,134.24452209472656,5.582749839872122
20864,90,-0.014842584729194641,1105.6949462890625,-1.767293095588684,110.57232666015625,3.5562214963138103
20928,91,-0.02322237566113472,557.7060546875,-1.767293095588684,55.76505661010742,2.0400854852050543
20992,91,-0.007506851106882095,1490.934326171875,-1.767293095588684,149.1035919189453,5.173138282261789
21056,91,-0.026369746774435043,823.7778930664062,-1.767293095588684,82.36909484863281,3.310270482674241
21120,91,-0.01846008189022541,589.4085693359375,-1.767293095588684,58.94007110595703,1.7484736796468496
21184,92,-0.011544853448867798,1340.677734375,-1.767293095588684,134.0738983154297,4.105763707309961
21248,92,-0.015592912212014198,939.7060546875,-1.767293095588684,93.9726791381836,3.739048197865486
21312,92,-0.01582002267241478,725.0597534179688,-1.767293095588684,72.50782012939453,1.8327045990154147
21376,93,-0.01710519939661026,1004.400390625,-1.767293095588684,100.44060516357422,4.4494760958477855
21440,93,-0.003604551777243614,1235.2255859375,-1.767293095588684,123.53662872314453,3.378852855414152
21504,94,-0.012961318716406822,1384.8831787109375,-1.767293095588684,138.4930419921875,1.838958234526217
21568,94,-0.014764606952667236,1546.233642578125,-1.767293095588684,154.6262664794922,5.127321820706129
21632,94,-0.030654912814497948,2084.27685546875,-1.767293095588684,208.41470336914062,5.498923433944583
21696,94,-0.01333610713481903,593.0164794921875,-1.767293095588684,59.30598449707031,1.4465115498751402
21760,95,-0.0051999520510435104,876.3458251953125,-1.767293095588684,87.64704895019531,3.04363901168108
21824,95,-0.027478747069835663,1262.5059814453125,-1.767293095588684,126.24079132080078,5.082545608282089
21888,95,-0.015324126929044724,566.7500610351562,-1.767293095588684,56.6773567199707,1.8084865044802427
21952,96,-0.023335274308919907,1283.22607421875,-1.767293095588684,128.31695556640625,2.35554904025048
22016,96,-0.015396550297737122,1968.136962890625,-1.767293095588684,196.81597900390625,5.66106840595603
22080,96,-0.0013867393136024475,715.744873046875,-1.767293095588684,71.59076690673828,2.1895345905795693
22144,97,-0.013673761859536171,489.0643310546875,-1.767293095588684,48.91043472290039,2.8113692170009017
22208,97,-0.011664584279060364,644.4575805664062,-1.767293095588684,64.45176696777344,3.882571831345558
22272,97,-0.029077772051095963,1225.3087158203125,-1.767293095588684,122.51947021484375,3.764037205837667
22336,97,-0.008011698722839355,619.42626953125,-1.767293095588684,61.95228958129883,1.9038352323696017
22400,98,-0.012362629175186157,1164.4852294921875,-1.767293095588684,116.4538345336914,3.9083205815404654
22464,98,-0.020952649414539337,809.412353515625,-1.767293095588684,80.93795776367188,3.6504337210208178
22528,98,-0.01244441606104374,483.7442932128906,-1.767293095588684,48.379661560058594,1.4356894409283996
22592,99,-0.01117490790784359,1114.1719970703125,-1.767293095588684,111.42369079589844,4.649719197303057
22656,99,-0.019425231963396072,926.5587158203125,-1.767293095588684,92.65412139892578,2.919173678383231
22720,99,-0.014954885467886925,609.9274291992188,-1.767293095588684,60.99546432495117,1.5789405824616551
22784,100,-0.02205260470509529,687.238525390625,-1.767293095588684,68.71947479248047,2.931805449537933
22848,100,-0.0132608562707901,818.19384765625,-1.767293095588684,81.82379913330078,4.825019417330623
22912,100,-0.01973462849855423,834.4337158203125,-1.767293095588684,83.4413070678711,2.298378102481365
22976,101,-0.01651141792535782,478.53619384765625,-1.767293095588684,47.85478210449219,2.7809070153161883
23040,101,-0.008876662701368332,907.6915283203125,-1.767293095588684,90.7779541015625,4.203291453421116
23104,101,-0.02059418335556984,702.5819091796875,-1.767293095588684,70.2552719116211,2.7126178396865726
23168,102,-0.006882019340991974,970.5552978515625,-1.767293095588684,97.06632232666016,2.881514704786241
23232,102,-0.014320608228445053,1473.95947265625,-1.767293095588684,147.3992919921875,5.770879797637463
23296,102,-0.020979199558496475,609.674072265625,-1.767293095588684,60.9640998840332,2.44317455496639
23360,103,-0.00942012295126915,597.538818359375,-1.767293095588684,59.76213836669922,2.9540086640045047
23424,103,-0.007367216050624847,1167.8245849609375,-1.767293095588684,116.79276275634766,5.302695346996188
23488,103,-0.0070064738392829895,792.0638427734375,-1.767293095588684,79.21704864501953,2.8137412164360285
23552,104,-0.01786530762910843,592.7909545898438,-1.767293095588684,59.27890396118164,3.04302329570055
23616,104,-0.017170913517475128,1749.6202392578125,-1.767293095588684,174.9625244140625,4.7322942316532135
23680,104,-0.010302362963557243,957.174560546875,-1.767293095588684,95.7248306274414,2.798066741786897
23744,105,-0.010734178125858307,445.291748046875,-1.767293095588684,44.53611373901367,2.6900154631584883
23808,105,-0.023201365023851395,1110.15234375,-1.767293095588684,111.00970458984375,5.160340897738934
23872,105,-0.0188743956387043,531.4664306640625,-1.767293095588684,53.145442962646484,2.1317795142531395
23936,106,-0.00932176411151886,808.963623046875,-1.767293095588684,80.90470886230469,3.9243592666462064
24000,106,-0.0224078968167305,1033.09228515625,-1.767293095588684,103.30448913574219,5.035454798489809
24064,106,-0.017260529100894928,948.2176513671875,-1.767293095588684,94.82218170166016,2.893575891852379
24128,107,-0.003583306446671486,657.9667358398438,-1.767293095588684,65.81076049804688,2.623774440959096
24192,107,-0.02908562682569027,1173.5655517578125,-1.767293095588684,117.34514617919922,6.140535306185484
24256,107,-0.02978782169520855,655.0108642578125,-1.767293095588684,65.48897552490234,2.0154166109859943
24320,108,-0.006557993590831757,592.5592651367188,-1.767293095588684,59.26704406738281,2.626912591047585
24384,108,-0.010454375296831131,978.9425659179688,-1.767293095588684,97.90147399902344,3.893119402229786
24448,108,-0.017475882545113564,632.4563598632812,-1.767293095588684,63.24583435058594,1.644976251758635
24512,109,-0.01615973562002182,887.0740356445312,-1.767293095588684,88.70891571044922,3.796919494867325
24576,109,-0.0073300860822200775,1447.2900390625,-1.767293095588684,144.73934936523438,4.578483255580068
24640,109,-0.017352689057588577,644.5385131835938,-1.767293095588684,64.45417022705078,1.5108121875673532
24704,110,-0.008312994614243507,1620.4632568359375,-1.767293095588684,162.05567932128906,5.1546278558671474
24768,110,-0.021561887115240097,1595.100830078125,-1.767293095588684,159.50619506835938,5.233153957873583
24832,110,-0.015325089916586876,701.4732055664062,-1.767293095588684,70.14966583251953,1.472166707739234
24896,111,-0.015314105898141861,608.235107421875,-1.767293095588684,60.825870513916016,3.9918099688366055
24960,111,-0.0061518363654613495,1155.271240234375,-1.767293095588684,115.53864288330078,4.962012289091945
25024,111,-0.011630777269601822,964.3117065429688,-1.767293095588684,96.43721771240234,2.0358679350465536
25088,112,-0.01859542727470398,1789.85205078125,-1.767293095588684,178.98428344726562,3.1172855189070106
25152,112,-0.013722317293286324,1365.96435546875,-1.767293095588684,136.6003875732422,5.7311194790527225
25216,112,-0.019896652549505234,848.307373046875,-1.767293095588684,84.8285140991211,2.1337024345993996
25280,113,-0.026569072157144547,1094.745361328125,-1.767293095588684,109.46564483642578,3.829529850743711
25344,113,-0.0041984133422374725,804.0390625,-1.767293095588684,80.4173812866211,3.4176284093409777
25408,114,-0.021138513460755348,965.8397827148438,-1.767293095588684,96.58050537109375,1.2970842001959682
25472,114,-0.011063816025853157,1371.6630859375,-1.767293095588684,137.17291259765625,5.2567316219210625
25536,114,-0.013597413897514343,672.7158203125,-1.767293095588684,67.2756576538086,2.2319747423753142
25600,115,-0.02022366039454937,790.1907958984375,-1.767293095588684,79.01652526855469,2.3862504279240966
25664,115,-0.012570643797516823,1242.390625,-1.767293095588684,124.2441635131836,4.64304781332612
25728,115,-0.01011103019118309,538.2357788085938,-1.767293095588684,53.831138610839844,1.3434751108288765
25792,116,-0.01811019331216812,1305.186767578125,-1.767293095588684,130.5182342529297,4.337145417928696
25856,116,-0.01472943089902401,1312.4986572265625,-1.767293095588684,131.2528076171875,5.03500566072762
25920,116,-0.020166508853435516,891.858642578125,-1.767293095588684,89.1833724975586,2.8922372721135616
25984,117,-0.014384973794221878,1162.48193359375,-1.767293095588684,116.25148010253906,4.08757883682847
26048,117,-0.010852938517928123,1523.18408203125,-1.767293095588684,152.32522583007812,4.422847638837993
26112,117,-0.021415121853351593,617.3720703125,-1.767293095588684,61.73346710205078,1.99023761972785
26176,118,-0.0217705387622118,856.8265991210938,-1.767293095588684,85.67855834960938,4.244345156475902
26240,118,-0.012999188154935837,1117.552001953125,-1.767293095588684,111.75987243652344,3.2123062359169126
26304,119,-0.02287931740283966,696.0303955078125,-1.767293095588684,69.59783172607422,1.3648301539942622
26368,119,-0.014807462692260742,976.7608032226562,-1.767293095588684,97.67893981933594,5.900144739076495
26432,119,-0.004926016554236412,624.119140625,-1.767293095588684,62.42466354370117,2.01331000123173
26496,120,-0.010823100805282593,918.2553100585938,-1.767293095588684,91.8323745727539,3.3708116179332137
26560,120,-0.020809341222047806,1366.080810546875,-1.767293095588684,136.6049346923828,4.6734017776325345
26624,120,-0.01651395484805107,750.814453125,-1.767293095588684,75.08259582519531,1.164257537573576
26688,121,-0.011063262820243835,948.776611328125,-1.767293095588684,94.88426971435547,3.980523459613323
26752,121,-0.015745259821414948,1705.3197021484375,-1.767293095588684,170.5338897705078,4.32620672788471
26816,121,-0.006197432056069374,768.8949584960938,-1.767293095588684,76.90097045898438,1.4733228795230389
26880,122,-0.008742071688175201,1670.9002685546875,-1.767293095588684,167.0989532470703,4.708209873177111
26944,122,-0.01928665302693844,1196.19189453125,-1.767293095588684,119.6175765991211,6.074158299714327
27008,122,-0.008853200823068619,881.2241821289062,-1.767293095588684,88.13124084472656,1.1907808780670166
27072,123,-0.002281753346323967,763.576171875,-1.767293095588684,76.37300872802734,3.249791283160448
27136,123,-0.013785623013973236,1288.978271484375,-1.767293095588684,128.90171813964844,5.3860387075692415
27200,123,-0.025535352528095245,930.124267578125,-1.767293095588684,93.00456237792969,0.37729211151599884
27264,124,-0.017810888588428497,1038.45751953125,-1.767293095588684,103.84561157226562,3.6842123679816723
27328,124,-0.019002564251422882,1663.0877685546875,-1.767293095588684,166.3074493408203,5.345053039491177
27392,124,-0.001591164618730545,953.8209838867188,-1.767293095588684,95.39817810058594,2.7003568913787603
27456,125,-0.007622620090842247,698.7147216796875,-1.767293095588684,69.88152313232422,4.68238684348762
27520,125,-0.019906865432858467,1419.5806884765625,-1.767293095588684,141.95582580566406,5.751775782555342
27584,125,-0.007365545257925987,674.692626953125,-1.767293095588684,67.47956848144531,1.5116423573344946
27648,126,-0.01917654648423195,1434.822998046875,-1.767293095588684,143.4807891845703,3.940326319076121
27712,126,-0.016110772266983986,1215.941650390625,-1.767293095588684,121.5957260131836,4.966038030572236
27776,126,-0.015222512185573578,882.6380004882812,-1.767293095588684,88.26625061035156,1.3541850000619888
27840,127,-0.021495316177606583,1141.1160888671875,-1.767293095588684,114.1077880859375,4.683292008005083
27904,127,-0.013375792652368546,1044.644775390625,-1.767293095588684,104.4687728881836,1.8253055308014154
27968,128,-0.006798021495342255,532.4757690429688,-1.767293095588684,53.258453369140625,1.4145952677354217
28032,128,-0.02765028551220894,1539.7093505859375,-1.767293095588684,153.96095275878906,5.522685925476253
28096,128,-0.018561644479632378,880.9656982421875,-1.767293095588684,88.0956802368164,2.283438028767705
28160,129,-0.017427725717425346,630.421875,-1.767293095588684,63.04243087768555,2.91191762406379
28224,129,-0.01061684638261795,1338.8857421875,-1.767293095588684,133.8956298828125,5.701462551951408
28288,129,-0.015462782233953476,703.9713745117188,-1.767293095588684,70.39934539794922,2.7418025005608797
28352,130,-0.01564144715666771,961.7361450195312,-1.767293095588684,96.17564392089844,2.7744451193138957
28416,130,-0.019462190568447113,1045.5518798828125,-1.767293095588684,104.55339813232422,3.6537306485697627
28480,130,-0.0022393278777599335,615.784423828125,-1.767293095588684,61.593875885009766,1.7990813283249736
28544,131,-0.016619602218270302,1046.1295166015625,-1.767293095588684,104.61400604248047,4.766441101208329
28608,131,-0.02002011425793171,895.6890869140625,-1.767293095588684,89.56655883789062,3.2484366316348314
28672,132,-0.00487266480922699,1195.762451171875,-1.767293095588684,119.58904266357422,1.2907225489616394
28736,132,-0.006854075938463211,1479.1883544921875,-1.767293095588684,147.92965698242188,5.967416170984507
28800,132,-0.019882583990693092,688.4733276367188,-1.767293095588684,68.84512329101562,2.3180827535688877
28864,133,-0.011346958577632904,1002.2462158203125,-1.767293095588684,100.23094940185547,2.9093139758333564
28928,133,-0.01443801075220108,1411.3448486328125,-1.767293095588684,141.13772583007812,6.04587908834219
28992,133,-0.019792664796113968,769.5841064453125,-1.767293095588684,76.95629119873047,1.8192209666594863
29056,134,-0.0027236025780439377,1099.326904296875,-1.767293095588684,109.94763946533203,2.4122351352125406
29120,134,-0.00918777659535408,1004.72802734375,-1.767293095588684,100.48128509521484,5.908612206578255
29184,134,-0.017918458208441734,1129.974853515625,-1.767293095588684,112.99723815917969,3.874585305340588
29248,135,-0.015410233289003372,533.6129150390625,-1.767293095588684,53.363555908203125,2.052227560430765
29312,135,-0.006534582003951073,1593.453857421875,-1.767293095588684,159.3565216064453,5.42194714397192
29376,135,-0.007955631241202354,706.42236328125,-1.767293095588684,70.65194702148438,2.356299919076264
29440,136,-0.020052775740623474,811.0572509765625,-1.767293095588684,81.10334777832031,2.5144412675872445
29504,136,-0.012012157589197159,1082.956787109375,-1.767293095588684,108.30133819580078,4.72599657997489
29568,136,-0.007322099059820175,863.048828125,-1.767293095588684,86.31523132324219,0.300547843798995
29632,137,-0.024228978902101517,857.8079833984375,-1.767293095588684,85.77423858642578,3.7173837795853615
29696,137,-0.027754375711083412,738.4231567382812,-1.767293095588684,73.83222961425781,1.3629413843154907
29760,138,-0.017266253009438515,1323.2586669921875,-1.767293095588684,132.32626342773438,1.9654058357700706
29824,138,-0.02085280977189541,1258.2767333984375,-1.767293095588684,125.82449340820312,4.362656199373305
29888,139,-0.020472388714551926,1361.618896484375,-1.767293095588684,136.15908813476562,1.9308686656877398
29952,139,-0.03346892446279526,1242.5830078125,-1.767293095588684,124.24250030517578,5.85334138572216
30016,139,0.0037766285240650177,1246.319091796875,-1.767293095588684,124.65335845947266,4.06542706862092
30080,140,-0.013305321335792542,665.759033203125,-1.767293095588684,66.58026885986328,1.7682740278542042
30144,140,-0.03238971531391144,955.45068359375,-1.767293095588684,95.53034973144531,4.894189666956663
30208,140,-0.010531798005104065,648.3291015625,-1.767293095588684,64.84004974365234,1.3622675985097885
30272,141,-0.01477820798754692,1047.046875,-1.767293095588684,104.70758056640625,3.8166133547201753
30336,141,-0.01664958894252777,1014.5928344726562,-1.767293095588684,101.4603042602539,3.7077255500480533
30400,142,-0.027998605743050575,566.008544921875,-1.767293095588684,56.59053039550781,1.7729247696697712
30464,142,-0.007190398871898651,1315.8602294921875,-1.767293095588684,131.5965118408203,5.850280109792948
